<?xml version='1.0' encoding='UTF-8'?>  
<!DOCTYPE hibernate-mapping PUBLIC  
 "-//Hibernate/Hibernate Mapping DTD 3.0//EN"  
 "http://hibernate.sourceforge.net/hibernate-mapping-3.0.dtd">  
 <Hibernate-Mapping>
 <class name="com.cg.payroll.beans.Employee" table="Employee">
 <id name="empId">
 <generator class="increment"></generator>  
    </id>  
 <property name="firstName" column="firstName"></property>  
 <property name="lastName" column="lastName"></property>            
 <property name="mobileNo" column="mobileNo"/>
 <property name="panCard" column="panCard"/>
 <property name="emailId" column="emailId"/>
 <property name="yearlyInvestmentUnderPOC" column="yearlyInvestmentUnderPOC"/>
 <joined-subclass name="com.cg.payroll.beans.BankDetails" table="BankDetail">  
  <key column="empId"></key>  
  <property name="bankName"></property>  
  <property name="bankIFSCCode"></property>  
  </joined-subclass>
  
  <joined-subclass name="com.cg.payroll.beans.salary" table="salary">  
  <key column="empId"></key>  
  <property name="basicSalary"></property>  
  <property name="hra"></property>  
  <property name="ta"></property>  
  <property name="td"></property>  
  <property name="da"></property>  
  <property name="companyPf"></property>  
  <property name="employeePf"></property>  
  <property name="grossSalary"></property>
  <property name="monthlyTax"></property>  
  <property name="netSalary"></property>  
  </joined-subclass>  
 </class>
 </Hibernate-Mapping>