<beans xmlns:context="http://www.springframework.org/schema/context" 
xmlns:tx="http://www.springframework.org/schema/tx" 
xmlns:xsi="http://www.w3.org/2001/XMLSchema-instance" 
xmlns="http://www.springframework.org/schema/beans" 
xsi:schemalocation="http://www.springframework.org/schema/beans
http://www.springframework.org/schema/beans/spring-beans-3.0.xsd
http://www.springframework.org/schema/context
http://www.springframework.org/schema/context/spring-context-3.0.xsd
http://www.springframework.org/schema/tx
http://www.springframework.org/schema/tx/spring-tx-3.0.xsd">

<context:property-placeholder location="classpath:resources/database.properties">
</context:property-placeholder>
<context:component-scan base-package="com.cg.payroll">
</context:component-scan>

<tx:annotation-driven transaction-manager="hibernateTransactionManager">
</tx:annotation-driven>

<bean class="org.springframework.web.servlet.view.InternalResourceViewResolver" id="jspViewResolver">
 <property name="viewClass" value="org.springframework.web.servlet.view.JstlView"></property>
 <property name="prefix" value="/WEB-INF/views/"></property>
 <property name="suffix" value=".jsp"></property>
</bean>

<bean class="org.springframework.jdbc.datasource.DriverManagerDataSource" id="dataSource">
 <property name="hibernate.connection.driver_class">oracle.jdbc.driver.OracleDriver</property>
  <property name="hibernate.connection.url">jdbc:oracle:thin:localhost:1521:XE</property>
  <property name="hibernate.connection.username">system</property>
  <property name="hibernate.connection.password">tiger</property>
</bean>

<bean class="org.springframework.orm.hibernate3.annotation.AnnotationSessionFactoryBean" id="sessionFactory">
 <property name="dataSource" ref="dataSource"></property>
 <property name="annotatedClasses">
  <list>
   <value>com.cg.payroll.Employee</value>
  </list>
 </property>
 <property name="hibernateProperties">
 <props>
  <prop key="hibernate.dialect">org.hibernate.dialect.Oracle10gDialect</prop>
  <prop key="hibernate.show_sql">create</prop>
  <prop key="hibernate.hbm2ddl.auto">true</prop>    
        </props>
      </property>
</bean>
  <bean class="org.springframework.orm.hibernate3.HibernateTransactionManager" id="hibernateTransactionManager">
 <property name="sessionFactory" ref="sessionFactory"></property>
  </bean>
</beans>